model_name,accuracy,precision,recall,f1,average_precision,roc_auc,false_positive,false_negative,true_positive,true_negative
logistic_regression,0.821656050955414,0.07317073170731707,0.14285714285714285,0.0967741935483871,0.09809178944239838,0.6164472614984561,38,18,3,255
random_forest,0.9331210191082803,0.0,0.0,0.0,0.22475697263060485,0.7359011864131317,0,21,0,293
