model_name,accuracy,precision,recall,f1,average_precision,roc_auc,false_positive,false_negative,true_positive,true_negative
logistic_regression,0.821656050955414,0.07317073170731707,0.14285714285714285,0.0967741935483871,0.09809178944239838,0.6164472614984561,38,18,3,255
random_forest,0.9299363057324841,0.0,0.0,0.0,0.17406373852598858,0.7160734601007638,1,21,0,292
